ticker,error
AIA,Quotes not downloaded.
ANGL,Quotes not downloaded.
AOA,Quotes not downloaded.
AOM,Quotes not downloaded.
ARKG,Quotes not downloaded.
ARKK,Quotes not downloaded.
ARKW,Quotes not downloaded.
ASHR,Quotes not downloaded.
ATMP,Quotes not downloaded.
AUSE,Quotes not downloaded.
BAB,Quotes not downloaded.
BICK,Quotes not downloaded.
BIV,Quotes not downloaded.
BNDX,Quotes not downloaded.
BOND,Quotes not downloaded.
BSCJ,Quotes not downloaded.
BSCN,Quotes not downloaded.
BSCO,Quotes not downloaded.
BSJL,Quotes not downloaded.
BSJM,Quotes not downloaded.
BYLD,Quotes not downloaded.
CAPE,Quotes not downloaded.
CDC,Quotes not downloaded.
CFA,Quotes not downloaded.
CFO,Quotes not downloaded.
CJNK,Quotes not downloaded.
CMF,Quotes not downloaded.
CN,Quotes not downloaded.
CQQQ,Quotes not downloaded.
CUT,Quotes not downloaded.
CWB,Quotes not downloaded.
CXSE,Quotes not downloaded.
CZA,Quotes not downloaded.
DBAW,Quotes not downloaded.
DBEF,Quotes not downloaded.
DBEU,Quotes not downloaded.
DBJP,Quotes not downloaded.
DES,Quotes not downloaded.
DFE,Quotes not downloaded.
DFJ,Quotes not downloaded.
DGRO,Quotes not downloaded.
DGRW,Quotes not downloaded.
DGS,Quotes not downloaded.
DI,Quotes not downloaded.
DIA,Quotes not downloaded.
DLN,Quotes not downloaded.
DLS,Quotes not downloaded.
DOD,Quotes not downloaded.
DON,Quotes not downloaded.
DRW,Quotes not downloaded.
DTD,Quotes not downloaded.
DTN,Quotes not downloaded.
DWAQ,Quotes not downloaded.
DWM,Quotes not downloaded.
DXJS,Quotes not downloaded.
EBND,Quotes not downloaded.
EDV,Quotes not downloaded.
EES,Quotes not downloaded.
EMLP,Quotes not downloaded.
ENFR,Quotes not downloaded.
EPS,Quotes not downloaded.
EPU,Quotes not downloaded.
EQLT,Quotes not downloaded.
EQWL,Quotes not downloaded.
EWC,Quotes not downloaded.
EWD,Quotes not downloaded.
EWH,Quotes not downloaded.
EWL,Quotes not downloaded.
EWM,Quotes not downloaded.
EWT,Quotes not downloaded.
EWW,Quotes not downloaded.
EWX,Quotes not downloaded.
EXT,Quotes not downloaded.
EZA,Quotes not downloaded.
EZM,Quotes not downloaded.
FAD,Quotes not downloaded.
FBND,Quotes not downloaded.
FBT,Quotes not downloaded.
FCOM,Quotes not downloaded.
FDIS,Quotes not downloaded.
FDL,Quotes not downloaded.
FDM,Quotes not downloaded.
FDN,Quotes not downloaded.
FDT,Quotes not downloaded.
FEMS,Quotes not downloaded.
FENY,Quotes not downloaded.
FEP,Quotes not downloaded.
FEUZ,Quotes not downloaded.
FEX,Quotes not downloaded.
FILL,Quotes not downloaded.
FLN,Quotes not downloaded.
FLRN,Quotes not downloaded.
FLTB,Quotes not downloaded.
FLTR,Quotes not downloaded.
FMAT,Quotes not downloaded.
FMB,Quotes not downloaded.
FNCL,Quotes not downloaded.
FNDB,Quotes not downloaded.
FNDC,Quotes not downloaded.
FNDE,Quotes not downloaded.
FNDF,Quotes not downloaded.
FNDX,Quotes not downloaded.
FNX,Quotes not downloaded.
FPE,Quotes not downloaded.
FPX,Quotes not downloaded.
FTA,Quotes not downloaded.
FTCS,Quotes not downloaded.
FTHI,Quotes not downloaded.
FTLB,Quotes not downloaded.
FTLS,Quotes not downloaded.
FTSD,Quotes not downloaded.
FUTY,Quotes not downloaded.
FVD,Quotes not downloaded.
FWDB,Quotes not downloaded.
FXG,Quotes not downloaded.
FXH,Quotes not downloaded.
FXO,Quotes not downloaded.
FXU,Quotes not downloaded.
FXZ,Quotes not downloaded.
FYC,Quotes not downloaded.
FYX,Quotes not downloaded.
GNMA,Quotes not downloaded.
GOEX,Quotes not downloaded.
GQRE,Quotes not downloaded.
GSY,Quotes not downloaded.
GULF,Quotes not downloaded.
GXF,Quotes not downloaded.
HEDJ,Quotes not downloaded.
HEZU,Quotes not downloaded.
HSPX,Quotes not downloaded.
HYEM,Quotes not downloaded.
HYZD,Quotes not downloaded.
IAU,Quotes not downloaded.
IBB,Quotes not downloaded.
IBCD,Quotes not downloaded.
IBDC,Quotes not downloaded.
IBMH,Quotes not downloaded.
IDU,Quotes not downloaded.
IDX,Quotes not downloaded.
IEUS,Quotes not downloaded.
IFEU,Quotes not downloaded.
IFV,Quotes not downloaded.
IHDG,Quotes not downloaded.
IHI,Quotes not downloaded.
IJH,Quotes not downloaded.
IJJ,Quotes not downloaded.
IJK,Quotes not downloaded.
IJR,Quotes not downloaded.
IJS,Quotes not downloaded.
IJT,Quotes not downloaded.
ILF,Quotes not downloaded.
INCO,Quotes not downloaded.
IPE,Quotes not downloaded.
IPKW,Quotes not downloaded.
IQDY,Quotes not downloaded.
ITOT,Quotes not downloaded.
IUSB,Quotes not downloaded.
IUSG,Quotes not downloaded.
IVOG,Quotes not downloaded.
IVOO,Quotes not downloaded.
IVOV,Quotes not downloaded.
IVV,Quotes not downloaded.
IVW,Quotes not downloaded.
IWB,Quotes not downloaded.
IWF,Quotes not downloaded.
IWL,Quotes not downloaded.
IWO,Quotes not downloaded.
IWP,Quotes not downloaded.
IWV,Quotes not downloaded.
IWY,Quotes not downloaded.
IXC,Quotes not downloaded.
IYC,Quotes not downloaded.
IYE,Quotes not downloaded.
IYM,Quotes not downloaded.
IYY,Quotes not downloaded.
JKD,Quotes not downloaded.
JKG,Quotes not downloaded.
JKI,Quotes not downloaded.
JKL,Quotes not downloaded.
JPGE,Quotes not downloaded.
KBWB,Quotes not downloaded.
KBWP,Quotes not downloaded.
KBWY,Quotes not downloaded.
KIE,Quotes not downloaded.
KNOW,Quotes not downloaded.
KRE,Quotes not downloaded.
LDUR,Quotes not downloaded.
LEMB,Quotes not downloaded.
LGLV,Quotes not downloaded.
LIT,Quotes not downloaded.
LTPZ,Quotes not downloaded.
MBG,Quotes not downloaded.
MDY,Quotes not downloaded.
MDYG,Quotes not downloaded.
MDYV,Quotes not downloaded.
MGC,Quotes not downloaded.
MGV,Quotes not downloaded.
MINC,Quotes not downloaded.
MINT,Quotes not downloaded.
MLPX,Quotes not downloaded.
MMTM,Quotes not downloaded.
MNA,Quotes not downloaded.
MOAT,Quotes not downloaded.
MOO,Quotes not downloaded.
MUB,Quotes not downloaded.
NFO,Quotes not downloaded.
NYF,Quotes not downloaded.
ONEQ,Quotes not downloaded.
PBP,Quotes not downloaded.
PCEF,Quotes not downloaded.
PCY,Quotes not downloaded.
PDN,Quotes not downloaded.
PEJ,Quotes not downloaded.
PEK,Quotes not downloaded.
PEY,Quotes not downloaded.
PGHY,Quotes not downloaded.
PGJ,Quotes not downloaded.
PKW,Quotes not downloaded.
PNQI,Quotes not downloaded.
PPA,Quotes not downloaded.
PRF,Quotes not downloaded.
PRFZ,Quotes not downloaded.
PSCC,Quotes not downloaded.
PSCH,Quotes not downloaded.
PSCM,Quotes not downloaded.
PSCT,Quotes not downloaded.
PSCU,Quotes not downloaded.
PSI,Quotes not downloaded.
PSJ,Quotes not downloaded.
PSL,Quotes not downloaded.
PSR,Quotes not downloaded.
PUI,Quotes not downloaded.
PWB,Quotes not downloaded.
PWC,Quotes not downloaded.
PWV,Quotes not downloaded.
PXE,Quotes not downloaded.
PXF,Quotes not downloaded.
PXI,Quotes not downloaded.
PXLV,Quotes not downloaded.
PYZ,Quotes not downloaded.
PZA,Quotes not downloaded.
PZT,Quotes not downloaded.
QABA,Quotes not downloaded.
QDEF,Quotes not downloaded.
QDF,Quotes not downloaded.
QEFA,Quotes not downloaded.
QLD,Quotes not downloaded.
QQEW,Quotes not downloaded.
QQQ,Quotes not downloaded.
QQQE,Quotes not downloaded.
QTEC,Quotes not downloaded.
QYLD,Quotes not downloaded.
RDIV,Quotes not downloaded.
RDVY,Quotes not downloaded.
REZ,Quotes not downloaded.
RFG,Quotes not downloaded.
RFV,Quotes not downloaded.
RGI,Quotes not downloaded.
RHS,Quotes not downloaded.
RIGS,Quotes not downloaded.
ROOF,Quotes not downloaded.
RPG,Quotes not downloaded.
RPV,Quotes not downloaded.
RSP,Quotes not downloaded.
RTM,Quotes not downloaded.
RVNU,Quotes not downloaded.
RWK,Quotes not downloaded.
RWL,Quotes not downloaded.
RWW,Quotes not downloaded.
RYE,Quotes not downloaded.
RYF,Quotes not downloaded.
RYU,Quotes not downloaded.
RZG,Quotes not downloaded.
SCHA,Quotes not downloaded.
SCHB,Quotes not downloaded.
SCHD,Quotes not downloaded.
SCHG,Quotes not downloaded.
SCHM,Quotes not downloaded.
SCHV,Quotes not downloaded.
SCHX,Quotes not downloaded.
SCZ,Quotes not downloaded.
SDOG,Quotes not downloaded.
SDY,Quotes not downloaded.
SIZE,Quotes not downloaded.
SLQD,Quotes not downloaded.
SLY,Quotes not downloaded.
SLYG,Quotes not downloaded.
SLYV,Quotes not downloaded.
SMEZ,Quotes not downloaded.
SMH,Quotes not downloaded.
SMLV,Quotes not downloaded.
SOXX,Quotes not downloaded.
SPHB,Quotes not downloaded.
SPHD,Quotes not downloaded.
SPHQ,Quotes not downloaded.
SPLV,Quotes not downloaded.
SPY,Quotes not downloaded.
SPYG,Quotes not downloaded.
SYE,Quotes not downloaded.
SYG,Quotes not downloaded.
SYV,Quotes not downloaded.
TDTF,Quotes not downloaded.
THD,Quotes not downloaded.
TIP,Quotes not downloaded.
TLT,Quotes not downloaded.
TLTD,Quotes not downloaded.
TUR,Quotes not downloaded.
USCI,Quotes not downloaded.
VAW,Quotes not downloaded.
VB,Quotes not downloaded.
VBR,Quotes not downloaded.
VCLT,Quotes not downloaded.
VCR,Quotes not downloaded.
VCSH,Quotes not downloaded.
VDC,Quotes not downloaded.
VDE,Quotes not downloaded.
VEA,Quotes not downloaded.
VFH,Quotes not downloaded.
VGLT,Quotes not downloaded.
VIOG,Quotes not downloaded.
VIOO,Quotes not downloaded.
VIOV,Quotes not downloaded.
VLU,Quotes not downloaded.
VMBS,Quotes not downloaded.
VNQ,Quotes not downloaded.
VO,Quotes not downloaded.
VOE,Quotes not downloaded.
VONE,Quotes not downloaded.
VONG,Quotes not downloaded.
VOO,Quotes not downloaded.
VOOG,Quotes not downloaded.
VOOV,Quotes not downloaded.
VOT,Quotes not downloaded.
VPU,Quotes not downloaded.
VTHR,Quotes not downloaded.
VTI,Quotes not downloaded.
VTIP,Quotes not downloaded.
VTV,Quotes not downloaded.
VTWG,Quotes not downloaded.
VUG,Quotes not downloaded.
VV,Quotes not downloaded.
VXF,Quotes not downloaded.
VYM,Quotes not downloaded.
WOOD,Quotes not downloaded.
XAR,Quotes not downloaded.
XBI,Quotes not downloaded.
XHE,Quotes not downloaded.
XLB,Quotes not downloaded.
XLE,Quotes not downloaded.
XLU,Quotes not downloaded.
XLY,Quotes not downloaded.
XMLV,Quotes not downloaded.
XSD,Quotes not downloaded.
XSLV,Quotes not downloaded.
XTL,Quotes not downloaded.
YMLI,Quotes not downloaded.
ZROZ,Quotes not downloaded.
